INSERT INTO Оклад(Класс,Оклад) VALUES('A', 10000)
INSERT INTO Оклад(Класс,Оклад) VALUES('B', 15000)
INSERT INTO Оклад(Класс,Оклад) VALUES('C', 20000)


INSERT INTO Тип_вместимость VALUES(N'малый',40)
INSERT INTO Тип_вместимость VALUES(N'средний',65)
INSERT INTO Тип_вместимость VALUES(N'большой',110)
INSERT INTO Тип_вместимость VALUES(N'сочлененный большой',120)
INSERT INTO Тип_вместимость VALUES(N'большой двухъярусный',150)


INSERT INTO Маршруты VALUES(1, N'Наличная ул.', N'Новосибирская ул.', '06:00:00','00:00:00', 30, 85)
INSERT INTO Маршруты VALUES(2, N'Театральная ул. пл.', N'ул. Партизана Германа', '08:00:00','23:00:00', 35, 124)
INSERT INTO Маршруты VALUES(3, N'Ленинский пр.', N'Краснофлотское шоссе', '08:00:00','23:30:00', 28, 116)
INSERT INTO Маршруты VALUES(4, N'ул. Мануильского', N'Ораниенбаумский пр', '06:00:00','23:00:00', 30, 125)
INSERT INTO Маршруты VALUES(5, N' пл. Восстания', N'Миллионная ул.', '08:00:00','23:30:00', 35, 130)
INSERT INTO Маршруты VALUES(6, N'пр. Обуховской Обороны', N'Ушаковский мост', '06:00:00','23:00:00', 50, 50)
INSERT INTO Маршруты VALUES(7, N'Невский пр', N'проспект Испытателей', '08:00:00','23:00:00', 20, 60)
INSERT INTO Маршруты VALUES(8, N'Наличная ул.', N'Кронверкская наб.', '06:00:00','23:30:00', 20, 98)
INSERT INTO Маршруты VALUES(9, N'Александровская ул.', N'Исаакиевская пл.', '06:00:00','00:00:00', 26, 102)


INSERT INTO Автобусы(Автобус, Тип) VALUES(N'р258ол', N'малый')
INSERT INTO Автобусы(Автобус, Тип) VALUES(N'п528чт', N'большой')
INSERT INTO Автобусы(Автобус, Тип) VALUES(N'к002лл', N'большой двухъярусный')
INSERT INTO Автобусы(Автобус, Тип) VALUES(N'ф789би', N'сочлененный большой')
INSERT INTO Автобусы(Автобус, Тип) VALUES(N'р963де', N'большой')
INSERT INTO Автобусы(Автобус, Тип) VALUES(N'в111ты', N'малый')
INSERT INTO Автобусы(Автобус, Тип) VALUES(N'с125но', N'сочлененный большой')
INSERT INTO Автобусы(Автобус, Тип) VALUES(N'а138че', N'малый')
INSERT INTO Автобусы(Автобус, Тип) VALUES(N'ф236за', N'большой')
INSERT INTO Автобусы(Автобус, Тип) VALUES(N'ф253др', N'малый')
INSERT INTO Автобусы(Автобус, Тип) VALUES(N'р263гр', N'большой двухъярусный')
INSERT INTO Автобусы(Автобус, Тип) VALUES(N'р267нм', N'сочлененный большой')
INSERT INTO Автобусы(Автобус, Тип) VALUES(N'р268гх', N'большой')
INSERT INTO Автобусы(Автобус, Тип) VALUES(N'у289ьф', N'большой двухъярусный')
INSERT INTO Автобусы(Автобус, Тип) VALUES(N'р292ць', N'большой двухъярусный')
INSERT INTO Автобусы(Автобус, Тип) VALUES(N'т425ер', N'малый')
INSERT INTO Автобусы(Автобус, Тип) VALUES(N'т336юю', N'большой')
INSERT INTO Автобусы(Автобус, Тип) VALUES(N'т226уы', N'сочлененный большой')
INSERT INTO Автобусы(Автобус, Тип) VALUES(N'н658оэ', N'большой')
INSERT INTO Автобусы(Автобус, Тип) VALUES(N'м758уы', N'большой двухъярусный')
INSERT INTO Автобусы(Автобус, Тип) VALUES(N'н896гт', N'малый')
INSERT INTO Автобусы(Автобус, Тип) VALUES(N'н967тр', N'большой двухъярусный')
INSERT INTO Автобусы(Автобус, Тип) VALUES(N'х487гф', N'малый')
INSERT INTO Автобусы(Автобус, Тип) VALUES(N'р265оф', N'сочлененный большой')
INSERT INTO Автобусы(Автобус, Тип) VALUES(N'я743ор', N'большой')
INSERT INTO Автобусы(Автобус, Тип) VALUES(N'в222ро', N'сочлененный большой')


INSERT INTO Водители(Паспорт, ФИО, Класс, Стаж, Оклад) VALUES('2888 108232', N'Кондратьев Роман Тимурович', 'C', 3, 23000)
INSERT INTO Водители(Паспорт, ФИО, Класс, Стаж, Оклад) VALUES('6502 104936', N'Михеев Власий Ефимович', 'A', 1, 11000)
INSERT INTO Водители(Паспорт, ФИО, Класс, Стаж, Оклад) VALUES('1529 529630', N'Лапин Нинель Федотович', 'C', 15, 35000)
INSERT INTO Водители(Паспорт, ФИО, Класс, Стаж, Оклад) VALUES('1539 765160', N'Мамонтов Эрик Владиславович','B', 6, 21000)
INSERT INTO Водители(Паспорт, ФИО, Класс, Стаж, Оклад) VALUES('3258 752696', N'Степанов Клим Созонович', 'B', 9, 24000)
INSERT INTO Водители(Паспорт, ФИО, Класс, Стаж, Оклад) VALUES('1605 746034', N'Агафонов Зиновий Дмитрьевич', 'B', 12, 27000)
INSERT INTO Водители(Паспорт, ФИО, Класс, Стаж, Оклад) VALUES('6146 835286', N'Новиков Влас Протасьевич', 'C', 6, 26000)
INSERT INTO Водители(Паспорт, ФИО, Класс, Стаж, Оклад) VALUES('2162 419760', N'Поляков Мечислав Русланович', 'A', 1, 11000)
INSERT INTO Водители(Паспорт, ФИО, Класс, Стаж, Оклад) VALUES('1368 277225', N'Стрелков Алексей Даниилович', 'A', 13, 23000)
INSERT INTO Водители(Паспорт, ФИО, Класс, Стаж, Оклад) VALUES('5622 188804', N'Ширяев Алан Владиславович', 'A', 9, 19000)
INSERT INTO Водители(Паспорт, ФИО, Класс, Стаж, Оклад) VALUES('4541 089924', N'Рябов Владлен Георгиевич', 'A', 8, 18000)
INSERT INTO Водители(Паспорт, ФИО, Класс, Стаж, Оклад) VALUES('1622 188024', N'Шилов Оскар Феликсович', 'A', 19, 29000)
INSERT INTO Водители(Паспорт, ФИО, Класс, Стаж, Оклад) VALUES('1884 695453', N'Дьячков Афанасий Аристархович', 'A', 10, 20000)
INSERT INTO Водители(Паспорт, ФИО, Класс, Стаж, Оклад) VALUES('8833 680121', N'Быков Рубен Егорович', 'A', 12, 22000)
INSERT INTO Водители(Паспорт, ФИО, Класс, Стаж, Оклад) VALUES('7583 148161', N'Осипов Флор Андреевич', 'B', 2, 17000)
INSERT INTO Водители(Паспорт, ФИО, Класс, Стаж, Оклад) VALUES('2038 609401', N'Куликов Овидий Евсеевич', 'A', 16, 26000)
INSERT INTO Водители(Паспорт, ФИО, Класс, Стаж, Оклад) VALUES('1677 204361', N'Анисимов Аверьян Богуславович', 'A', 4, 14000)
INSERT INTO Водители(Паспорт, ФИО, Класс, Стаж, Оклад) VALUES('6872 720006', N'Самсонов Егор Мэлсович', 'B', 18, 33000)
INSERT INTO Водители(Паспорт, ФИО, Класс, Стаж, Оклад) VALUES('9835 642111', N'Хохлов Остап Лаврентьевич', 'C', 14, 34000)
INSERT INTO Водители(Паспорт, ФИО, Класс, Стаж, Оклад) VALUES('1119 711527', N'Силин Платон Даниилович', 'C', 2, 22000)
INSERT INTO Водители(Паспорт, ФИО, Класс, Стаж, Оклад) VALUES('3158 975296', N'Зыков Моисей Тарасович', 'B', 5, 20000)
INSERT INTO Водители(Паспорт, ФИО, Класс, Стаж, Оклад) VALUES('1496 560588', N'Орехов Болеслав Проклович', 'B', 3, 18000)
INSERT INTO Водители(Паспорт, ФИО, Класс, Стаж, Оклад) VALUES('3815 208452', N'Ковалёв Касьян Яковович', 'C', 8, 28000)
INSERT INTO Водители(Паспорт, ФИО, Класс, Стаж, Оклад) VALUES('5574 927316', N'Шилов Филипп Эльдарович', 'A', 2, 12000)
INSERT INTO Водители(Паспорт, ФИО, Класс, Стаж, Оклад) VALUES('7258 841722', N'Фомичёв Эдуард Вениаминович', 'A', 5, 15000)
INSERT INTO Водители(Паспорт, ФИО, Класс, Стаж, Оклад) VALUES('5429 867345', N'Петухов Василий Серапионович', 'B', 5, 20000)


INSERT INTO Водят(Паспорт, Автобус, ФИО, Маршрут, Дата) VALUES('2888 108232', N'р258ол', N'Кондратьев Роман Тимурович', 1, '2020-10-18')
INSERT INTO Водят(Паспорт, Автобус, ФИО, Маршрут, Дата) VALUES('6502 104936', N'п528чт', N'Михеев Власий Ефимович', 1, '2020-10-19')
INSERT INTO Водят(Паспорт, Автобус, ФИО, Маршрут, Дата) VALUES('1529 529630', N'к002лл', N'Лапин Нинель Федотович',  2, '2020-10-18')
INSERT INTO Водят(Паспорт, Автобус, ФИО, Маршрут, Дата) VALUES('1539 765160', N'ф789би', N'Мамонтов Эрик Владиславович', 3, '2020-10-18')
INSERT INTO Водят(Паспорт, Автобус, ФИО, Маршрут, Дата) VALUES('3258 752696', N'р963де', N'Степанов Клим Созонович', 3, '2020-10-18')
INSERT INTO Водят(Паспорт, Автобус, ФИО, Маршрут, Дата) VALUES('1605 746034', N'в111ты', N'Агафонов Зиновий Дмитрьевич', 4, '2020-10-18')
INSERT INTO Водят(Паспорт, Автобус, ФИО, Маршрут, Дата) VALUES('6146 835286', N'с125но', N'Новиков Влас Протасьевич',  5, '2020-10-18')
INSERT INTO Водят(Паспорт, Автобус, ФИО, Маршрут, Дата) VALUES('2162 419760', N'а138че', N'Поляков Мечислав Русланович', 5, '2020-10-18')
INSERT INTO Водят(Паспорт, Автобус, ФИО, Маршрут, Дата) VALUES('1368 277225', N'ф236за', N'Стрелков Алексей Даниилович',  9, '2020-10-18')
INSERT INTO Водят(Паспорт, Автобус, ФИО, Маршрут, Дата) VALUES('5622 188804', N'ф253др', N'Ширяев Алан Владиславович',  6, '2020-10-18')
INSERT INTO Водят(Паспорт, Автобус, ФИО, Маршрут, Дата) VALUES('4541 089924', N'р263гр', N'Рябов Владлен Георгиевич',  7, '2020-10-18')
INSERT INTO Водят(Паспорт, Автобус, ФИО, Маршрут, Дата) VALUES('1622 188024', N'р267нм', N'Шилов Оскар Феликсович',  8, '2020-10-18')
INSERT INTO Водят(Паспорт, Автобус, ФИО, Маршрут, Дата) VALUES('1884 695453', N'р268гх', N'Дьячков Афанасий Аристархович', 9, '2020-10-18')
INSERT INTO Водят(Паспорт, Автобус, ФИО, Маршрут, Дата) VALUES('8833 680121', N'у289ьф', N'Быков Рубен Егорович', 1, '2020-10-18')
INSERT INTO Водят(Паспорт, Автобус, ФИО, Маршрут, Дата) VALUES('7583 148161', N'р292ць', N'Осипов Флор Андреевич',  2, '2020-10-18')
INSERT INTO Водят(Паспорт, Автобус, ФИО, Маршрут, Дата) VALUES('2038 609401', N'т425ер', N'Куликов Овидий Евсеевич', 6, '2020-10-19')
INSERT INTO Водят(Паспорт, Автобус, ФИО, Маршрут, Дата) VALUES('1677 204361', N'т336юю', N'Анисимов Аверьян Богуславович',  4, '2020-10-19')
INSERT INTO Водят(Паспорт, Автобус, ФИО, Маршрут, Дата) VALUES('6872 720006', N'т226уы', N'Самсонов Егор Мэлсович',  8, '2020-10-19')
INSERT INTO Водят(Паспорт, Автобус, ФИО, Маршрут, Дата) VALUES('9835 642111', N'н658оэ', N'Хохлов Остап Лаврентьевич', 7, '2020-10-19')
INSERT INTO Водят(Паспорт, Автобус, ФИО, Маршрут, Дата) VALUES('1119 711527', N'м758уы', N'Силин Платон Даниилович', 5, '2020-10-19')
INSERT INTO Водят(Паспорт, Автобус, ФИО, Маршрут, Дата) VALUES('3158 975296', N'н896гт', N'Зыков Моисей Тарасович', 1, '2020-10-22')
INSERT INTO Водят(Паспорт, Автобус, ФИО, Маршрут, Дата) VALUES('1496 560588', N'н967тр', N'Орехов Болеслав Проклович', 3, '2020-10-25')
INSERT INTO Водят(Паспорт, Автобус, ФИО, Маршрут, Дата) VALUES('3815 208452', N'х487гф', N'Ковалёв Касьян Яковович',  8, '2020-10-27')
INSERT INTO Водят(Паспорт, Автобус, ФИО, Маршрут, Дата) VALUES('5574 927316', N'р265оф', N'Шилов Филипп Эльдарович',  2, '2020-10-25')
INSERT INTO Водят(Паспорт, Автобус, ФИО, Маршрут, Дата) VALUES('7258 841722', N'я743ор', N'Фомичёв Эдуард Вениаминович', 5, '2020-10-23')
INSERT INTO Водят(Паспорт, Автобус, ФИО, Маршрут, Дата) VALUES('5429 867345', N'в222ро', N'Петухов Василий Серапионович',  5, '2020-10-25')
